a	https://diversity.google/annual-report/
a	https://sustainability.google/
about	https://diversity.google/annual-report/
about	https://sustainability.google/
absolutely	https://diversity.google/annual-report/
accelerate	https://sustainability.google/
accessibility	https://diversity.google/annual-report/
accessible	https://diversity.google/annual-report/
achieves	https://diversity.google/annual-report/
across	https://diversity.google/annual-report/
act	https://diversity.google/annual-report/
action	https://diversity.google/annual-report/
action	https://sustainability.google/
actionable	https://sustainability.google/
actions	https://diversity.google/annual-report/
actually	https://diversity.google/annual-report/
adding	https://sustainability.google/
addition	https://diversity.google/annual-report/
address	https://diversity.google/annual-report/
admit	https://diversity.google/annual-report/
advance	https://diversity.google/annual-report/
advancing	https://diversity.google/annual-report/
after	https://diversity.google/annual-report/
against	https://diversity.google/annual-report/
agree	https://diversity.google/annual-report/
ahead	https://diversity.google/annual-report/
aim	https://sustainability.google/
all	https://diversity.google/annual-report/
all	https://sustainability.google/
already	https://diversity.google/annual-report/
also	https://diversity.google/annual-report/
am	https://diversity.google/annual-report/
ambitious	https://sustainability.google/
among	https://diversity.google/annual-report/
an	https://diversity.google/annual-report/
and	https://abc.xyz/investor/
and	https://diversity.google/annual-report/
and	https://sustainability.google/
annual	https://sustainability.google/
approach	https://diversity.google/annual-report/
are	https://diversity.google/annual-report/
are	https://sustainability.google/
areas	https://diversity.google/annual-report/
arming	https://diversity.google/annual-report/
around	https://diversity.google/annual-report/
around	https://sustainability.google/
as	https://diversity.google/annual-report/
as	https://sustainability.google/
aspect	https://diversity.google/annual-report/
at	https://abc.xyz/investor/
at	https://diversity.google/annual-report/
at	https://sustainability.google/
attacks	https://diversity.google/annual-report/
attention	https://diversity.google/annual-report/
attrition	https://diversity.google/annual-report/
available	https://diversity.google/annual-report/
awareness	https://diversity.google/annual-report/
barriers	https://diversity.google/annual-report/
be	https://diversity.google/annual-report/
be	https://sustainability.google/
because	https://diversity.google/annual-report/
becomes	https://diversity.google/annual-report/
becoming	https://diversity.google/annual-report/
been	https://diversity.google/annual-report/
began	https://diversity.google/annual-report/
begin	https://diversity.google/annual-report/
beginning	https://diversity.google/annual-report/
being	https://diversity.google/annual-report/
believe	https://diversity.google/annual-report/
belong	https://diversity.google/annual-report/
belonging	https://diversity.google/annual-report/
belongs	https://diversity.google/annual-report/
best	https://diversity.google/annual-report/
better	https://diversity.google/annual-report/
better	https://sustainability.google/
between	https://diversity.google/annual-report/
bias	https://diversity.google/annual-report/
biases	https://diversity.google/annual-report/
big	https://diversity.google/annual-report/
big	https://sustainability.google/
billion	https://diversity.google/annual-report/
billion	https://sustainability.google/
board	https://diversity.google/annual-report/
bold	https://sustainability.google/
bono	https://diversity.google/annual-report/
both	https://diversity.google/annual-report/
boundaries	https://diversity.google/annual-report/
brand	https://diversity.google/annual-report/
bridge	https://diversity.google/annual-report/
bring	https://diversity.google/annual-report/
broad	https://diversity.google/annual-report/
build	https://diversity.google/annual-report/
build	https://sustainability.google/
burdened	https://diversity.google/annual-report/
business	https://abc.xyz/investor/
business	https://diversity.google/annual-report/
businesses	https://sustainability.google/
but	https://diversity.google/annual-report/
by	https://diversity.google/annual-report/
by	https://sustainability.google/
called	https://diversity.google/annual-report/
can	https://diversity.google/annual-report/
can	https://sustainability.google/
capability	https://diversity.google/annual-report/
carbon	https://sustainability.google/
cause	https://diversity.google/annual-report/
causes	https://diversity.google/annual-report/
certainly	https://diversity.google/annual-report/
challenges	https://diversity.google/annual-report/
change	https://diversity.google/annual-report/
change	https://sustainability.google/
changes	https://diversity.google/annual-report/
changes	https://sustainability.google/
changing	https://diversity.google/annual-report/
circle	https://diversity.google/annual-report/
circular	https://sustainability.google/
cities	https://diversity.google/annual-report/
cities	https://sustainability.google/
climate	https://sustainability.google/
clipboard	https://diversity.google/annual-report/
close	https://diversity.google/annual-report/
closer	https://diversity.google/annual-report/
collective	https://diversity.google/annual-report/
come	https://diversity.google/annual-report/
comes	https://sustainability.google/
coming	https://diversity.google/annual-report/
commitment	https://diversity.google/annual-report/
commitments	https://diversity.google/annual-report/
commitments	https://sustainability.google/
commits	https://sustainability.google/
committed	https://diversity.google/annual-report/
communities	https://diversity.google/annual-report/
community	https://diversity.google/annual-report/
companies	https://diversity.google/annual-report/
company	https://diversity.google/annual-report/
completed	https://diversity.google/annual-report/
completely	https://diversity.google/annual-report/
concrete	https://diversity.google/annual-report/
content	https://diversity.google/annual-report/
content	https://sustainability.google/
continue	https://diversity.google/annual-report/
continue	https://sustainability.google/
continuing	https://diversity.google/annual-report/
contribute	https://diversity.google/annual-report/
contribution	https://diversity.google/annual-report/
conversation	https://diversity.google/annual-report/
conversations	https://diversity.google/annual-report/
copied	https://diversity.google/annual-report/
core	https://diversity.google/annual-report/
core	https://sustainability.google/
corporate	https://sustainability.google/
could	https://diversity.google/annual-report/
countries	https://diversity.google/annual-report/
country	https://diversity.google/annual-report/
courage	https://diversity.google/annual-report/
covering	https://diversity.google/annual-report/
create	https://diversity.google/annual-report/
creating	https://diversity.google/annual-report/
creep	https://diversity.google/annual-report/
culture	https://diversity.google/annual-report/
cumulative	https://diversity.google/annual-report/
custom	https://sustainability.google/
customized	https://diversity.google/annual-report/
dad	https://diversity.google/annual-report/
data	https://diversity.google/annual-report/
data	https://sustainability.google/
decade	https://sustainability.google/
decisive	https://diversity.google/annual-report/
dedicated	https://diversity.google/annual-report/
deep	https://diversity.google/annual-report/
deeper	https://diversity.google/annual-report/
deeply	https://diversity.google/annual-report/
definition	https://diversity.google/annual-report/
deliberate	https://diversity.google/annual-report/
deliver	https://diversity.google/annual-report/
details	https://diversity.google/annual-report/
develop	https://diversity.google/annual-report/
developing	https://diversity.google/annual-report/
differ	https://diversity.google/annual-report/
different	https://diversity.google/annual-report/
digital	https://diversity.google/annual-report/
direction	https://diversity.google/annual-report/
disabilities	https://diversity.google/annual-report/
disability	https://diversity.google/annual-report/
disadvantages	https://diversity.google/annual-report/
disproportionately	https://diversity.google/annual-report/
diversity	https://diversity.google/annual-report/
do	https://diversity.google/annual-report/
do	https://sustainability.google/
does	https://diversity.google/annual-report/
doing	https://diversity.google/annual-report/
done	https://diversity.google/annual-report/
done	https://sustainability.google/
doubling	https://diversity.google/annual-report/
down	https://diversity.google/annual-report/
drawer	https://sustainability.google/
drive	https://diversity.google/annual-report/
drove	https://diversity.google/annual-report/
each	https://diversity.google/annual-report/
earnings	https://abc.xyz/investor/
easier	https://diversity.google/annual-report/
easy	https://sustainability.google/
economic	https://diversity.google/annual-report/
economy	https://sustainability.google/
education	https://diversity.google/annual-report/
efforts	https://diversity.google/annual-report/
efforts	https://sustainability.google/
employees	https://diversity.google/annual-report/
empowerment	https://diversity.google/annual-report/
encourage	https://diversity.google/annual-report/
encouraged	https://diversity.google/annual-report/
ensure	https://diversity.google/annual-report/
entire	https://diversity.google/annual-report/
environmental	https://sustainability.google/
equality	https://diversity.google/annual-report/
equitable	https://diversity.google/annual-report/
equity	https://diversity.google/annual-report/
ever	https://diversity.google/annual-report/
every	https://diversity.google/annual-report/
everyone	https://diversity.google/annual-report/
everything	https://diversity.google/annual-report/
everything	https://sustainability.google/
excited	https://diversity.google/annual-report/
exclusion	https://diversity.google/annual-report/
executive	https://diversity.google/annual-report/
exist	https://diversity.google/annual-report/
exit	https://diversity.google/annual-report/
exiting	https://diversity.google/annual-report/
expanding	https://diversity.google/annual-report/
expands	https://diversity.google/annual-report/
experience	https://diversity.google/annual-report/
experiences	https://diversity.google/annual-report/
experts	https://diversity.google/annual-report/
expressions	https://diversity.google/annual-report/
extremely	https://diversity.google/annual-report/
fabric	https://diversity.google/annual-report/
face	https://diversity.google/annual-report/
facing	https://diversity.google/annual-report/
fact	https://diversity.google/annual-report/
fairness	https://diversity.google/annual-report/
family	https://diversity.google/annual-report/
far	https://diversity.google/annual-report/
features	https://sustainability.google/
feel	https://diversity.google/annual-report/
feels	https://diversity.google/annual-report/
few	https://diversity.google/annual-report/
figure	https://diversity.google/annual-report/
find	https://diversity.google/annual-report/
finding	https://diversity.google/annual-report/
fiscal	https://abc.xyz/investor/
fishery	https://sustainability.google/
five	https://diversity.google/annual-report/
focus	https://diversity.google/annual-report/
for	https://diversity.google/annual-report/
for	https://sustainability.google/
forced	https://diversity.google/annual-report/
formula	https://diversity.google/annual-report/
forward	https://sustainability.google/
foster	https://sustainability.google/
founding	https://diversity.google/annual-report/
frame	https://diversity.google/annual-report/
free	https://sustainability.google/
from	https://diversity.google/annual-report/
full	https://diversity.google/annual-report/
fund	https://sustainability.google/
funny	https://diversity.google/annual-report/
further	https://diversity.google/annual-report/
future	https://diversity.google/annual-report/
gains	https://diversity.google/annual-report/
gender	https://diversity.google/annual-report/
get	https://diversity.google/annual-report/
get	https://sustainability.google/
gets	https://diversity.google/annual-report/
global	https://diversity.google/annual-report/
globally	https://diversity.google/annual-report/
go	https://diversity.google/annual-report/
goal	https://diversity.google/annual-report/
goals	https://diversity.google/annual-report/
going	https://diversity.google/annual-report/
grants	https://diversity.google/annual-report/
greatest	https://diversity.google/annual-report/
groups	https://diversity.google/annual-report/
had	https://diversity.google/annual-report/
happening	https://diversity.google/annual-report/
has	https://diversity.google/annual-report/
have	https://diversity.google/annual-report/
having	https://diversity.google/annual-report/
head	https://diversity.google/annual-report/
hear	https://diversity.google/annual-report/
heart	https://diversity.google/annual-report/
heartened	https://diversity.google/annual-report/
help	https://diversity.google/annual-report/
help	https://sustainability.google/
helped	https://diversity.google/annual-report/
helpful	https://diversity.google/annual-report/
helping	https://sustainability.google/
here	https://abc.xyz/investor/
high	https://diversity.google/annual-report/
higher	https://diversity.google/annual-report/
highlighted	https://diversity.google/annual-report/
hiring	https://diversity.google/annual-report/
historic	https://diversity.google/annual-report/
historical	https://diversity.google/annual-report/
hit	https://diversity.google/annual-report/
hold	https://diversity.google/annual-report/
holistic	https://diversity.google/annual-report/
hope	https://diversity.google/annual-report/
hopeful	https://diversity.google/annual-report/
hoping	https://diversity.google/annual-report/
hours	https://diversity.google/annual-report/
how	https://diversity.google/annual-report/
how	https://sustainability.google/
huge	https://diversity.google/annual-report/
human	https://diversity.google/annual-report/
humanity	https://diversity.google/annual-report/
humans	https://diversity.google/annual-report/
idea	https://diversity.google/annual-report/
ideas	https://sustainability.google/
idioma	https://diversity.google/annual-report/
if	https://diversity.google/annual-report/
imagery	https://diversity.google/annual-report/
impact	https://diversity.google/annual-report/
impact	https://sustainability.google/
impacted	https://diversity.google/annual-report/
implications	https://diversity.google/annual-report/
important	https://diversity.google/annual-report/
in	https://diversity.google/annual-report/
in	https://sustainability.google/
include	https://diversity.google/annual-report/
inclusion	https://diversity.google/annual-report/
inclusive	https://diversity.google/annual-report/
increasing	https://diversity.google/annual-report/
incredible	https://diversity.google/annual-report/
incredibly	https://diversity.google/annual-report/
industry	https://diversity.google/annual-report/
inequities	https://diversity.google/annual-report/
information	https://abc.xyz/investor/
information	https://diversity.google/annual-report/
information	https://sustainability.google/
innovate	https://sustainability.google/
insights	https://diversity.google/annual-report/
inspiring	https://sustainability.google/
institutional	https://diversity.google/annual-report/
integrated	https://diversity.google/annual-report/
internally	https://diversity.google/annual-report/
internet	https://diversity.google/annual-report/
into	https://diversity.google/annual-report/
invest	https://diversity.google/annual-report/
investment	https://diversity.google/annual-report/
invited	https://diversity.google/annual-report/
irrespective	https://diversity.google/annual-report/
is	https://diversity.google/annual-report/
is	https://sustainability.google/
issues	https://diversity.google/annual-report/
it	https://diversity.google/annual-report/
it	https://sustainability.google/
its	https://diversity.google/annual-report/
john	https://diversity.google/annual-report/
join	https://diversity.google/annual-report/
journey	https://diversity.google/annual-report/
just	https://diversity.google/annual-report/
justice	https://diversity.google/annual-report/
key	https://diversity.google/annual-report/
kind	https://diversity.google/annual-report/
knit	https://diversity.google/annual-report/
know	https://diversity.google/annual-report/
language	https://diversity.google/annual-report/
language	https://sustainability.google/
largest	https://diversity.google/annual-report/
largest	https://sustainability.google/
lasting	https://diversity.google/annual-report/
latest	https://sustainability.google/
launch	https://diversity.google/annual-report/
launches	https://diversity.google/annual-report/
leaders	https://diversity.google/annual-report/
leadership	https://diversity.google/annual-report/
leadership	https://sustainability.google/
learn	https://diversity.google/annual-report/
learning	https://diversity.google/annual-report/
learnings	https://diversity.google/annual-report/
left	https://diversity.google/annual-report/
letters	https://abc.xyz/investor/
level	https://diversity.google/annual-report/
life	https://diversity.google/annual-report/
life	https://sustainability.google/
like	https://diversity.google/annual-report/
links	https://diversity.google/annual-report/
listen	https://diversity.google/annual-report/
lived	https://diversity.google/annual-report/
living	https://sustainability.google/
local	https://diversity.google/annual-report/
localized	https://diversity.google/annual-report/
locally	https://diversity.google/annual-report/
long	https://diversity.google/annual-report/
longstanding	https://diversity.google/annual-report/
look	https://diversity.google/annual-report/
looking	https://diversity.google/annual-report/
looks	https://diversity.google/annual-report/
love	https://diversity.google/annual-report/
made	https://diversity.google/annual-report/
make	https://diversity.google/annual-report/
make	https://sustainability.google/
makes	https://diversity.google/annual-report/
making	https://diversity.google/annual-report/
making	https://sustainability.google/
manifest	https://diversity.google/annual-report/
many	https://diversity.google/annual-report/
marathon	https://diversity.google/annual-report/
me	https://diversity.google/annual-report/
mean	https://diversity.google/annual-report/
meaningful	https://diversity.google/annual-report/
meaningful	https://sustainability.google/
means	https://diversity.google/annual-report/
mechanisms	https://diversity.google/annual-report/
meet	https://diversity.google/annual-report/
members	https://diversity.google/annual-report/
mended	https://diversity.google/annual-report/
methodology	https://diversity.google/annual-report/
military	https://diversity.google/annual-report/
million	https://diversity.google/annual-report/
minus	https://diversity.google/annual-report/
mission	https://diversity.google/annual-report/
mission	https://sustainability.google/
mobilizing	https://diversity.google/annual-report/
models	https://diversity.google/annual-report/
moment	https://diversity.google/annual-report/
more	https://abc.xyz/investor/
more	https://diversity.google/annual-report/
more	https://sustainability.google/
most	https://diversity.google/annual-report/
most	https://sustainability.google/
move	https://sustainability.google/
much	https://diversity.google/annual-report/
multiple	https://diversity.google/annual-report/
must	https://diversity.google/annual-report/
navigation	https://sustainability.google/
necessary	https://diversity.google/annual-report/
need	https://diversity.google/annual-report/
needed	https://diversity.google/annual-report/
net	https://diversity.google/annual-report/
neutral	https://sustainability.google/
never	https://diversity.google/annual-report/
new	https://diversity.google/annual-report/
new	https://sustainability.google/
no	https://diversity.google/annual-report/
not	https://diversity.google/annual-report/
note	https://diversity.google/annual-report/
notion	https://diversity.google/annual-report/
of	https://abc.xyz/investor/
of	https://diversity.google/annual-report/
of	https://sustainability.google/
oftentimes	https://diversity.google/annual-report/
on	https://diversity.google/annual-report/
on	https://sustainability.google/
one	https://diversity.google/annual-report/
ongoing	https://diversity.google/annual-report/
only	https://diversity.google/annual-report/
open	https://diversity.google/annual-report/
operations	https://diversity.google/annual-report/
operations	https://sustainability.google/
or	https://diversity.google/annual-report/
or	https://sustainability.google/
order	https://diversity.google/annual-report/
organization	https://diversity.google/annual-report/
organizing	https://diversity.google/annual-report/
organizing	https://sustainability.google/
other	https://diversity.google/annual-report/
others	https://diversity.google/annual-report/
others	https://sustainability.google/
our	https://diversity.google/annual-report/
our	https://sustainability.google/
ourselves	https://diversity.google/annual-report/
out	https://diversity.google/annual-report/
outside	https://diversity.google/annual-report/
over	https://diversity.google/annual-report/
own	https://diversity.google/annual-report/
pace	https://sustainability.google/
parity	https://diversity.google/annual-report/
part	https://diversity.google/annual-report/
partner	https://sustainability.google/
partnered	https://diversity.google/annual-report/
partners	https://sustainability.google/
pay	https://diversity.google/annual-report/
people	https://diversity.google/annual-report/
people	https://sustainability.google/
person	https://diversity.google/annual-report/
personal	https://diversity.google/annual-report/
personal	https://sustainability.google/
platform	https://diversity.google/annual-report/
point	https://diversity.google/annual-report/
pointing	https://diversity.google/annual-report/
position	https://diversity.google/annual-report/
position	https://sustainability.google/
positive	https://sustainability.google/
powell	https://diversity.google/annual-report/
practice	https://sustainability.google/
predicated	https://diversity.google/annual-report/
prepared	https://diversity.google/annual-report/
press	https://abc.xyz/investor/
previous	https://abc.xyz/investor/
pro	https://diversity.google/annual-report/
problems	https://diversity.google/annual-report/
process	https://diversity.google/annual-report/
producing	https://diversity.google/annual-report/
products	https://diversity.google/annual-report/
products	https://sustainability.google/
profound	https://diversity.google/annual-report/
program	https://diversity.google/annual-report/
programs	https://diversity.google/annual-report/
progress	https://diversity.google/annual-report/
progress	https://sustainability.google/
promotion	https://diversity.google/annual-report/
publish	https://diversity.google/annual-report/
publishes	https://diversity.google/annual-report/
purchaser	https://sustainability.google/
quality	https://diversity.google/annual-report/
quilt	https://diversity.google/annual-report/
racial	https://diversity.google/annual-report/
racism	https://diversity.google/annual-report/
racist	https://diversity.google/annual-report/
reading	https://sustainability.google/
reality	https://diversity.google/annual-report/
realize	https://diversity.google/annual-report/
realized	https://diversity.google/annual-report/
really	https://diversity.google/annual-report/
reckon	https://diversity.google/annual-report/
recognize	https://diversity.google/annual-report/
reduce	https://sustainability.google/
region	https://diversity.google/annual-report/
region	https://sustainability.google/
regular	https://diversity.google/annual-report/
related	https://abc.xyz/investor/
release	https://abc.xyz/investor/
releases	https://abc.xyz/investor/
relevant	https://diversity.google/annual-report/
reminder	https://diversity.google/annual-report/
renewable	https://sustainability.google/
report	https://abc.xyz/investor/
report	https://diversity.google/annual-report/
reports	https://diversity.google/annual-report/
representation	https://diversity.google/annual-report/
requires	https://diversity.google/annual-report/
research	https://sustainability.google/
resilient	https://sustainability.google/
resources	https://diversity.google/annual-report/
responsibilities	https://diversity.google/annual-report/
responsibility	https://diversity.google/annual-report/
responsible	https://diversity.google/annual-report/
retention	https://diversity.google/annual-report/
revise	https://diversity.google/annual-report/
right	https://diversity.google/annual-report/
robust	https://diversity.google/annual-report/
role	https://diversity.google/annual-report/
root	https://diversity.google/annual-report/
salient	https://diversity.google/annual-report/
same	https://diversity.google/annual-report/
say	https://diversity.google/annual-report/
saying	https://diversity.google/annual-report/
says	https://diversity.google/annual-report/
scale	https://sustainability.google/
see	https://diversity.google/annual-report/
seeing	https://diversity.google/annual-report/
sense	https://diversity.google/annual-report/
sensitivity	https://diversity.google/annual-report/
serve	https://diversity.google/annual-report/
services	https://diversity.google/annual-report/
serving	https://diversity.google/annual-report/
set	https://diversity.google/annual-report/
sets	https://diversity.google/annual-report/
setting	https://diversity.google/annual-report/
shape	https://diversity.google/annual-report/
shaping	https://diversity.google/annual-report/
share	https://diversity.google/annual-report/
shared	https://diversity.google/annual-report/
show	https://diversity.google/annual-report/
significantly	https://diversity.google/annual-report/
simple	https://diversity.google/annual-report/
since	https://sustainability.google/
single	https://sustainability.google/
situated	https://diversity.google/annual-report/
skill	https://diversity.google/annual-report/
small	https://diversity.google/annual-report/
small	https://sustainability.google/
so	https://diversity.google/annual-report/
social	https://diversity.google/annual-report/
solutions	https://diversity.google/annual-report/
solutions	https://sustainability.google/
some	https://diversity.google/annual-report/
something	https://diversity.google/annual-report/
sourcing	https://diversity.google/annual-report/
space	https://diversity.google/annual-report/
spaces	https://diversity.google/annual-report/
spend	https://diversity.google/annual-report/
stand	https://diversity.google/annual-report/
standing	https://diversity.google/annual-report/
starting	https://diversity.google/annual-report/
step	https://diversity.google/annual-report/
still	https://diversity.google/annual-report/
stories	https://sustainability.google/
story	https://sustainability.google/
strained	https://diversity.google/annual-report/
strategies	https://diversity.google/annual-report/
strategy	https://diversity.google/annual-report/
striving	https://diversity.google/annual-report/
stronger	https://diversity.google/annual-report/
structural	https://diversity.google/annual-report/
successes	https://diversity.google/annual-report/
successful	https://diversity.google/annual-report/
such	https://diversity.google/annual-report/
sudden	https://diversity.google/annual-report/
supplier	https://sustainability.google/
sure	https://diversity.google/annual-report/
sustain	https://diversity.google/annual-report/
sustainability	https://sustainability.google/
sustainable	https://diversity.google/annual-report/
sustainable	https://sustainability.google/
sustained	https://diversity.google/annual-report/
systemic	https://diversity.google/annual-report/
tackle	https://diversity.google/annual-report/
take	https://diversity.google/annual-report/
takeaways	https://diversity.google/annual-report/
takes	https://diversity.google/annual-report/
taking	https://diversity.google/annual-report/
talking	https://diversity.google/annual-report/
team	https://diversity.google/annual-report/
tech	https://diversity.google/annual-report/
technology	https://sustainability.google/
tensions	https://diversity.google/annual-report/
terms	https://diversity.google/annual-report/
than	https://diversity.google/annual-report/
that	https://diversity.google/annual-report/
that	https://sustainability.google/
the	https://abc.xyz/investor/
the	https://diversity.google/annual-report/
the	https://sustainability.google/
their	https://diversity.google/annual-report/
their	https://sustainability.google/
them	https://diversity.google/annual-report/
themselves	https://diversity.google/annual-report/
then	https://diversity.google/annual-report/
there	https://diversity.google/annual-report/
these	https://diversity.google/annual-report/
they	https://diversity.google/annual-report/
things	https://diversity.google/annual-report/
think	https://diversity.google/annual-report/
this	https://diversity.google/annual-report/
thorough	https://diversity.google/annual-report/
those	https://diversity.google/annual-report/
through	https://diversity.google/annual-report/
through	https://sustainability.google/
timeline	https://diversity.google/annual-report/
tips	https://sustainability.google/
to	https://abc.xyz/investor/
to	https://diversity.google/annual-report/
to	https://sustainability.google/
today	https://diversity.google/annual-report/
too	https://diversity.google/annual-report/
tools	https://sustainability.google/
toward	https://sustainability.google/
track	https://sustainability.google/
training	https://diversity.google/annual-report/
transcript	https://diversity.google/annual-report/
transforming	https://sustainability.google/
transparency	https://diversity.google/annual-report/
transparently	https://diversity.google/annual-report/
treat	https://diversity.google/annual-report/
truly	https://diversity.google/annual-report/
trying	https://diversity.google/annual-report/
ultimate	https://diversity.google/annual-report/
underrepresented	https://diversity.google/annual-report/
understand	https://diversity.google/annual-report/
understand	https://sustainability.google/
understanding	https://diversity.google/annual-report/
understood	https://diversity.google/annual-report/
unify	https://sustainability.google/
unique	https://diversity.google/annual-report/
universal	https://diversity.google/annual-report/
universally	https://diversity.google/annual-report/
until	https://diversity.google/annual-report/
updates	https://abc.xyz/investor/
upon	https://diversity.google/annual-report/
us	https://abc.xyz/investor/
us	https://diversity.google/annual-report/
use	https://diversity.google/annual-report/
use	https://sustainability.google/
users	https://diversity.google/annual-report/
value	https://diversity.google/annual-report/
very	https://diversity.google/annual-report/
video	https://diversity.google/annual-report/
vision	https://diversity.google/annual-report/
want	https://diversity.google/annual-report/
want	https://sustainability.google/
was	https://diversity.google/annual-report/
watching	https://diversity.google/annual-report/
way	https://diversity.google/annual-report/
ways	https://diversity.google/annual-report/
ways	https://sustainability.google/
we	https://diversity.google/annual-report/
we	https://sustainability.google/
welcomed	https://diversity.google/annual-report/
well	https://diversity.google/annual-report/
were	https://diversity.google/annual-report/
what	https://diversity.google/annual-report/
when	https://diversity.google/annual-report/
when	https://sustainability.google/
where	https://diversity.google/annual-report/
whether	https://diversity.google/annual-report/
which	https://diversity.google/annual-report/
while	https://diversity.google/annual-report/
who	https://diversity.google/annual-report/
whom	https://diversity.google/annual-report/
why	https://diversity.google/annual-report/
why	https://sustainability.google/
will	https://diversity.google/annual-report/
will	https://sustainability.google/
window	https://diversity.google/annual-report/
with	https://diversity.google/annual-report/
with	https://sustainability.google/
within	https://diversity.google/annual-report/
without	https://diversity.google/annual-report/
women	https://diversity.google/annual-report/
wonderful	https://diversity.google/annual-report/
words	https://diversity.google/annual-report/
work	https://diversity.google/annual-report/
workforce	https://diversity.google/annual-report/
workplace	https://diversity.google/annual-report/
world	https://diversity.google/annual-report/
would	https://diversity.google/annual-report/
year	https://abc.xyz/investor/
year	https://diversity.google/annual-report/
years	https://diversity.google/annual-report/
yet	https://diversity.google/annual-report/
yet	https://sustainability.google/
you	https://diversity.google/annual-report/
your	https://diversity.google/annual-report/
